id_loan,id_direct_loantaker,name_direct_loantaker,id_intermediate_parent_1,name_intermediate_parent_1,id_ultimate_parent,name_ultimate_parent,loan_size_outstanding,loan_size_outstanding_currency,loan_size_credit_limit,loan_size_credit_limit_currency,sector_classification_system,sector_classification_input_type,sector_classification_direct_loantaker,fi_type,flag_project_finance_loan,name_project,lei_direct_loantaker,isin_direct_loantaker
L1,C294,Vitale Group,,,UP15,Scholz KGaA,225625,EUR,18968805,EUR,NACE,Code,3511,Loan,No,,,
L2,C293,Moen-Moen,,,UP84,,301721,EUR,19727961,EUR,NACE,Code,3511,Loan,No,,,
L3,C292,Rowe-Rowe,IP5,Liebelt,UP288,"Harvey, Harvey and Harvey",410297,EUR,20811147,EUR,NACE,Code,3511,Loan,No,,,
L4,C299,Fadel-Fadel,,,UP54,,233049,EUR,19042869,EUR,NACE,Code,3511,Loan,No,,,
L5,C305,Ring AG & Co. KGaA,,,UP104,"Conti, Conti e Conti SPA",406585,EUR,20774115,EUR,NACE,Code,3511,Loan,No,,,
L6,C304,Kassulke-Kassulke,,,UP83,"Farrell, Farrell and Farrell",185721,EUR,18570711,EUR,NACE,Code,3511,Loan,No,,,
L7,C227,Morissette Group,,,UP134,Weller AG,184793,EUR,18561453,EUR,NACE,Code,3511,Loan,No,,,
L8,C303,Barone s.r.l.,,,UP163,Williamsonn PLC,291513,EUR,19626123,EUR,NACE,Code,3511,Loan,No,,,
L9,C301,Werner Werner AG & Co. KGaA,IP10,Bahr GmbH,UP138,Leone-Leone s.r.l.,407513,EUR,20783373,EUR,NACE,Code,3511,Loan,No,,,
L10,C302,De rosa s.r.l.,,,UP32,"Benedetti, Benedetti e Benedetti Group",186649,EUR,18579969,EUR,NACE,Code,3511,Loan,No,,,
L11,C309,Donnelly and Sons,,,UP81,Bianco e figli,191289,EUR,18626259,EUR,NACE,Code,3511,Loan,No,,,
L12,C298,Longo-Longo s.r.l.,,,UP269,Lorch AG & Co. KG,294297,EUR,19653897,EUR,NACE,Code,3511,Loan,No,,,
L13,C297,Ladeck,,,UP69,Kuhlman-Kuhlman,200569,EUR,18718839,EUR,NACE,Code,3511,Loan,No,,,
L14,C296,Gallo e figli,,,UP3,Gleichner-Gleichner,187577,EUR,18589227,EUR,NACE,Code,3511,Loan,No,,,
L15,C295,"Silvestri, Silvestri e Silvestri s.r.l.",,,UP196,Partzelt Partzelt AG,192217,EUR,18635517,EUR,NACE,Code,3511,Loan,No,,,
L16,C291,"Bianchi, Bianchi e Bianchi SPA",,,UP132,,298009,EUR,19690929,EUR,NACE,Code,3511,Loan,No,,,
L17,C290,"De luca, De luca e De luca e figli",,,UP6,Fontana SPA,205209,EUR,18765129,EUR,NACE,Code,3511,Loan,No,,,
L18,C284,"Mariani, Mariani e Mariani s.r.l.",,,UP121,McGlynn LLC,189433,EUR,18607743,EUR,NACE,Code,3511,Loan,No,,,
L19,C289,Harris-Harris,,,UP78,"Emard, Emard and Emard",194073,EUR,18654033,EUR,NACE,Code,3511,Loan,No,,,
L20,C287,Weinhold,,,UP35,Heinz,308217,EUR,19792767,EUR,NACE,Code,3511,Loan,No,,,
L21,C286,Gallo Group,,,UP63,Giordano Group,226553,EUR,18978063,EUR,NACE,Code,3511,Loan,No,,,
L22,C285,Austermuhle GmbH,,,UP187,Hickle-Hickle,196857,EUR,18681807,EUR,NACE,Code,3511,Loan,No,,,
L23,C283,Bahringer-Bahringer,,,UP297,"Colombo, Colombo e Colombo s.r.l.",195929,EUR,18672549,EUR,NACE,Code,3511,Loan,No,,,
L24,C282,Ferraro-Ferraro Group,,,UP209,,309145,EUR,19802025,EUR,NACE,Code,3511,Loan,No,,,
L25,C281,"Lockman, Lockman and Lockman",,,UP296,Butte,266457,EUR,19376157,EUR,NACE,Code,3511,Loan,No,,,
L26,C280,"Ankunding, Ankunding and Ankunding",,,UP67,"De luca, De luca e De luca Group",199641,EUR,0,EUR,NACE,Code,3511,Loan,No,,,
L27,C278,Donati-Donati Group,,,UP45,Christoph GmbH,197785,EUR,0,EUR,NACE,Code,3511,Loan,No,,,
L28,C276,"Ferraro, Ferraro e Ferraro SPA",,,UP195,Franke Franke AG & Co. KG,315641,EUR,-5000000,EUR,NACE,Code,3511,Loan,No,,,
L29,C275,"Schowalter, Schowalter and Schowalter",,,UP246,Rosenbaum Inc,267385,EUR,-242,EUR,NACE,Code,3511,Loan,No,,,
L30,C274,Sanna SPA,,,UP33,,209849,EUR,18811419,EUR,NACE,Code,3511,Loan,No,,,
L31,C273,Caputo SPA,,,UP5,Peukert KGaA,204281,EUR,18755871,EUR,NACE,Code,3511,Loan,No,,,
L32,C272,Schuler,,,UP190,"Kassulke, Kassulke and Kassulke",320281,EUR,19913121,EUR,NACE,Code,3511,Loan,No,,,
L33,C271,Weller AG,,,UP203,"D'angelo, D'angelo e D'angelo s.r.l.",378745,EUR,20496375,EUR,NACE,Code,3511,Loan,No,,,
L34,C270,Conti s.r.l.,,,UP100,"Ziemann, Ziemann and Ziemann",217273,EUR,18885483,EUR,NACE,Code,3511,Loan,No,,,
L35,C269,"Hodkiewicz, Hodkiewicz and Hodkiewicz",,,UP173,Fiore Group,207065,EUR,18783645,EUR,NACE,Code,3511,Loan,No,,,
L36,C268,Bien,,,UP109,Schaaf Schaaf GbR,327705,EUR,19987185,EUR,NACE,Code,3511,Loan,No,,,
L37,C267,Russo s.r.l.,,,UP40,Seidell Seidel GmbH,220057,EUR,18913257,EUR,NACE,Code,3511,Loan,No,,,
L38,C266,Jones Group,,,UP257,"King, King and King",223769,EUR,18950289,EUR,NACE,Code,3511,Loan,No,,,
L39,C265,Milani SPA,,,UP188,"Giuliani, Giuliani e Giuliani Group",208921,EUR,18802161,EUR,NACE,Code,3511,Loan,No,,,
L40,C264,"Sala, Sala e Sala e figli",,,UP259,Kramer,350905,EUR,20218635,EUR,NACE,Code,3511,Loan,No,,,
L41,C263,"Raynor, Raynor and Raynor",,,UP97,Bolzmannn GbR,275737,EUR,19468737,EUR,NACE,Code,3511,Loan,No,,,
L42,C262,Rohan-Rohan,,,UP30,Rossi-Rossi e figli,224697,EUR,18959547,EUR,NACE,Code,3511,Loan,No,,,
L43,C261,Ullrich-Ullrich,,,UP152,Soding Soding Stiftung & Co. KG,230265,EUR,19015095,EUR,NACE,Code,3511,Loan,No,,,
L44,C260,Moretti Group,,,UP278,,357401,EUR,20283441,EUR,NACE,Code,3511,Loan,No,,,
L45,C259,Greenholt and Sons,,,UP156,,352761,EUR,20237151,EUR,NACE,Code,3511,Loan,No,,,
L46,C258,Hagenes-Hagenes,,,UP17,Heintze,311001,EUR,19820541,EUR,NACE,Code,3511,Loan,No,,,
L47,C257,Giuliani-Giuliani Group,IP3,Negri-Negri SPA,UP38,Rizzo s.r.l.,411225,EUR,20820405,EUR,NACE,Code,3511,Loan,No,,,
L48,C256,Hellwig AG,,,UP201,Fontana e figli,240473,EUR,19116933,EUR,NACE,Code,3511,Loan,No,,,
L49,C255,Milani-Milani SPA,,,UP66,Spencer LLC,305433,EUR,19764993,EUR,NACE,Code,3511,Loan,No,,,
L50,C254,Adler Adler AG & Co. KGaA,,,UP219,Santoro SPA,231193,EUR,19024353,EUR,NACE,Code,3511,Loan,No,,,
L51,C253,"Messina, Messina e Messina e figli",,,UP90,VonRuedenn Inc,236761,EUR,19079901,EUR,NACE,Code,3511,Loan,No,,,
L52,C252,"Wisoky, Wisoky and Wisoky",,,UP73,,358329,EUR,20292699,EUR,NACE,Code,3511,Loan,No,,,
L53,C251,Brownn Inc,,,UP91,Krause Krause GbR,325849,EUR,19968669,EUR,NACE,Code,3511,Loan,No,,,
L54,C250,Rohricht GmbH & Co. KG,,,UP43,Tintzmann,232121,EUR,19033611,EUR,NACE,Code,3511,Loan,No,,,
L55,C249,Kostolzinn GmbH & Co. KG,,,UP72,Fechner Fechner KG,239545,EUR,19107675,EUR,NACE,Code,3511,Loan,No,,,
L56,C248,"Sporer, Sporer and Sporer",,,UP224,"Pacocha, Pacocha and Pacocha",359257,EUR,20301957,EUR,NACE,Code,3511,Loan,No,,,
L57,C247,"Harris, Harris and Harris",,,UP85,,382457,EUR,20533407,EUR,NACE,Code,3511,Loan,No,,,
L58,C246,Rinaldi-Rinaldi s.r.l.,,,UP166,"Adams, Adams and Adams",234905,EUR,19061385,EUR,NACE,Code,3511,Loan,No,,,
L59,C245,"Kulas, Kulas and Kulas",,,UP169,Wymann PLC,249753,EUR,19209513,EUR,NACE,Code,3511,Loan,No,,,
L60,C244,McClure-McClure,,,UP199,Marquardt-Marquardt,371321,EUR,20422311,EUR,NACE,Code,3511,Loan,No,,,
L61,C243,Sipess Inc,,,UP252,"Ebert, Ebert and Ebert",405657,EUR,20764857,EUR,NACE,Code,3511,Loan,No,,,
L62,C242,Palumbo-Palumbo Group,,,UP13,"Boyer, Boyer and Boyer",238617,EUR,19098417,EUR,NACE,Code,3511,Loan,No,,,
L63,C241,Murazik and Sons,,,UP221,Veum Inc,252537,EUR,19237287,EUR,NACE,Code,3511,Loan,No,,,
L64,C240,Gatti s.r.l.,,,UP261,Weinhold,376889,EUR,20477859,EUR,NACE,Code,3511,Loan,No,,,
L65,C239,Buckridge Ltd,,,UP76,"Mertz, Mertz and Mertz",399161,EUR,20700051,EUR,NACE,Code,3511,Loan,No,,,
L66,C238,"Marchetti, Marchetti e Marchetti Group",,,UP131,Trost e.G.,251609,EUR,19228029,EUR,NACE,Code,3511,Loan,No,,,
L67,C237,Benedetti-Benedetti SPA,,,UP175,Bernardi-Bernardi SPA,264601,EUR,19357641,EUR,NACE,Code,3511,Loan,No,,,
L68,C236,Flantz Flantz KG,,,UP86,,379673,EUR,20505633,EUR,NACE,Code,3511,Loan,No,,,
L69,C235,Weinhold Weinhold GmbH,,,UP241,"Aufderhar, Aufderhar and Aufderhar",233977,EUR,19052127,EUR,NACE,Code,3511,Loan,No,,,
L70,C234,Wende Wende AG & Co. OHG,,,UP124,Boucsein KG,253465,EUR,19246545,EUR,NACE,Code,3511,Loan,No,,,
L71,C233,Steinberg GbR,,,UP93,"Grasso, Grasso e Grasso e figli",271097,EUR,19422447,EUR,NACE,Code,3511,Loan,No,,,
L72,C232,"Bradtke, Bradtke and Bradtke",,,UP280,,380601,EUR,20514891,EUR,NACE,Code,3511,Loan,No,,,
L73,C231,"Bernardi, Bernardi e Bernardi SPA",,,UP74,Coppola SPA,349977,EUR,20209377,EUR,NACE,Code,3511,Loan,No,,,
L74,C230,Wulf Wulf GbR,,,UP65,Radisch Radisch e.G.,254393,EUR,19255803,EUR,NACE,Code,3511,Loan,No,,,
L75,C229,"Witting, Witting and Witting",,,UP216,Cassin-Cassin,277593,EUR,19487253,EUR,NACE,Code,3511,Loan,No,,,
L76,C228,"Quigley, Quigley and Quigley",,,UP34,Guerra Group,399161,EUR,20700051,EUR,NACE,Code,3511,Loan,No,,,
L77,C146,Reinger and Sons,,,UP272,"Messina, Messina e Messina e figli",404729,EUR,20755599,EUR,NACE,Code,3511,Loan,No,,,
L78,C145,Weimer KG,,,UP21,Dohn AG,257177,EUR,19283577,EUR,NACE,Code,3511,Loan,No,,,
L79,C144,Costantini-Costantini SPA,,,UP204,Sorgatz KGaA,283161,EUR,19542801,EUR,NACE,Code,3511,Loan,No,,,
L80,C143,"Kihn, Kihn and Kihn",,,UP151,Carstenn GmbH & Co. OHG,401017,EUR,20718567,EUR,NACE,Code,3511,Loan,No,,,
L81,C142,Butte Butte AG & Co. OHG,IP4,Schoen LLC,UP293,Mies Mies GmbH & Co. KG,411225,EUR,20820405,EUR,NACE,Code,3511,Loan,No,,,
L82,C141,"Longo, Longo e Longo e figli",,,UP88,"Pellegrini, Pellegrini e Pellegrini Group",260889,EUR,19320609,EUR,NACE,Code,3511,Loan,No,,,
L83,C140,"Kassulke, Kassulke and Kassulke",,,UP135,Tlustek AG,286873,EUR,19579833,EUR,NACE,Code,3511,Loan,No,,,
L84,C139,Silvestri e figli,IP8,Costantini-Costantini s.r.l.,UP263,Bianchi-Bianchi e figli,408441,EUR,20792631,EUR,NACE,Code,3511,Loan,No,,,
L85,C138,Lombardo s.r.l.,,,UP160,"Carbone, Carbone e Carbone e figli",198713,EUR,18700323,EUR,NACE,Code,3511,Loan,No,,,
L86,C137,Marchetti s.r.l.,,,UP1,"Giordano, Giordano e Giordano e figli",263673,EUR,19348383,EUR,NACE,Code,3511,Loan,No,,,
L87,C136,Hein Hein GmbH,,,UP256,Rohricht Rohricht Stiftung & Co. KG,296153,EUR,19672413,EUR,NACE,Code,3511,Loan,No,,,
L88,C135,Mariani-Mariani s.r.l.,,,UP116,Kruschwitz,409369,EUR,20801889,EUR,NACE,Code,3511,Loan,No,,,
L89,C134,Carstenn GbR,,,UP300,Kramer GbR,235833,EUR,19070643,EUR,NACE,Code,3511,Loan,No,,,
L90,C133,Hills-Hills,,,UP312,Jessel AG & Co. KG,314713,EUR,19857573,EUR,NACE,Code,3511,Loan,No,,,
L91,C132,Bruno-Bruno s.r.l.,,,UP141,Ferrara Group,395449,EUR,20663019,EUR,NACE,Code,3511,Loan,No,,,
L92,C131,"Russo, Russo e Russo Group",,,UP214,"Messina, Messina e Messina Group",241401,EUR,19126191,EUR,NACE,Code,3511,Loan,No,,,
L93,C130,Atzler Atzler AG & Co. OHG,,,UP14,Jahn,242329,EUR,19135449,EUR,NACE,Code,3511,Loan,No,,,
L94,C129,Roskoth GmbH,,,UP31,"Martino, Martino e Martino SPA",269241,EUR,19403931,EUR,NACE,Code,3511,Loan,No,,,
L95,C128,Rizzi s.r.l.,,,UP240,,300793,EUR,19718703,EUR,NACE,Code,3511,Loan,No,,,
L96,C127,Kassulke-Kassulke,,,UP277,,182937,EUR,18542937,EUR,NACE,Code,3511,Loan,No,,,
L97,C126,Romaguera-Romaguera,,,UP158,Kuphall LLC,311929,EUR,19829799,EUR,NACE,Code,3511,Loan,No,,,
L98,C124,"Runolfsson, Runolfsson and Runolfsson",,,UP64,Marchetti e figli,272953,EUR,19440963,EUR,NACE,Code,3511,Loan,No,,,
L99,C123,"Kassulke, Kassulke and Kassulke",,,UP44,Nolan-Nolan,304505,EUR,19755735,EUR,NACE,Code,3511,Loan,No,,,
L100,C122,Lombardi-Lombardi s.r.l.,,,UP37,Berger Berger AG,215417,EUR,18866967,EUR,NACE,Code,3511,Loan,No,,,
L101,C45,Mertz Group,,,UP22,Moretti SPA,321209,EUR,19922379,EUR,NACE,Code,3011,Loan,No,,,
L102,C46,Warmer Warmer GmbH,,,UP153,"Morelli, Morelli e Morelli e figli",276665,EUR,19477995,EUR,NACE,Code,3011,Loan,No,,,
L103,C47,Valentini-Valentini Group,,,UP189,Sorrentino Group,307289,EUR,19783509,EUR,NACE,Code,3011,Loan,No,,,
L104,C48,Barer,,,UP271,Roob LLC,219129,EUR,18903999,EUR,NACE,Code,3011,Loan,No,,,
L105,C49,Heintze Heintze OHG mbH,,,UP284,Giuliani s.r.l.,367609,EUR,20385279,EUR,NACE,Code,3011,Loan,No,,,
L106,C50,Schmiedecke Schmiedecke GmbH,,,UP306,Juncken,280377,EUR,19515027,EUR,NACE,Code,3011,Loan,No,,,
L107,C51,Neri-Neri s.r.l.,,,UP247,Nerger,330489,EUR,20014959,EUR,NACE,Code,3011,Loan,No,,,
L108,C52,Metz Inc,,,UP168,Hofig Hofig AG & Co. OHG,221913,EUR,18931773,EUR,NACE,Code,3011,Loan,No,,,
L109,C53,Ullrich and Sons,,,UP281,"Collier, Collier and Collier",250681,EUR,19218771,EUR,NACE,Code,3011,Loan,No,,,
L110,C54,Matthai Matthai GbR,,,UP287,van der Dussen,282233,EUR,19533543,EUR,NACE,Code,3011,Loan,No,,,
L111,C55,Abbott LLC,,,UP313,Costa e figli,348121,EUR,20190861,EUR,NACE,Code,3011,Loan,No,,,
L112,C56,Rorricht,,,UP315,Basile s.r.l.,228409,EUR,18996579,EUR,NACE,Code,3011,Loan,No,,,
L113,C57,Stamm Inc,,,UP319,Schleich GbR,347193,EUR,20181603,EUR,NACE,Code,3011,Loan,No,,,
L114,C58,Rippin-Rippin,,,UP143,Benedetti-Benedetti s.r.l.,285017,EUR,19561317,EUR,NACE,Code,3011,Loan,No,,,
L115,C59,Hermann-Hermann,,,UP125,"Collins, Collins and Collins",353689,EUR,20246409,EUR,NACE,Code,3011,Loan,No,,,
L116,C60,Reichmannn Reichmann GmbH,,,UP42,Ehlert Ehlert Stiftung & Co. KG,246041,EUR,19172481,EUR,NACE,Code,3011,Loan,No,,,
L117,C61,Bartoletti and Sons,,,UP244,"Negri, Negri e Negri s.r.l.",391737,EUR,20625987,EUR,NACE,Code,3011,Loan,No,,,
L118,C62,Kaul e.G.,,,UP197,Haring Haring AG,290585,EUR,19616865,EUR,NACE,Code,3011,Loan,No,,,
L119,C63,Kensy OHG mbH,,,UP98,Wilms AG,361113,EUR,20320473,EUR,NACE,Code,3011,Loan,No,,,
L120,C64,Littel PLC,,,UP310,Shields-Shields,262745,EUR,19339125,EUR,NACE,Code,3011,Loan,No,,,
L121,C65,Lockman-Lockman,,,UP111,Wirth GmbH & Co. OHG,220985,EUR,18922515,EUR,NACE,Code,3011,Loan,No,,,
L122,C66,Predovic and Sons,,,UP177,Wilkinson-Wilkinson,292441,EUR,19635381,EUR,NACE,Code,3011,Loan,No,,,
L123,C67,Hering Hering GmbH & Co. KGaA,,,UP205,D'amico-D'amico Group,364825,EUR,20357505,EUR,NACE,Code,3011,Loan,No,,,
L124,C68,Mancini-Mancini SPA,,,UP16,Kilback-Kilback,274809,EUR,19459479,EUR,NACE,Code,3011,Loan,No,,,
L125,C69,Holt AG & Co. KG,,,UP314,Rose,244185,EUR,19153965,EUR,NACE,Code,3011,Loan,No,,,
L126,C70,Esposito Group,,,UP172,Parisi e figli,302649,EUR,19737219,EUR,NACE,Code,3011,Loan,No,,,
L127,C71,Testa-Testa e figli,,,UP222,Boyer-Boyer,365753,EUR,20366763,EUR,NACE,Code,3011,Loan,No,,,
L128,C72,Becker KG,,,UP249,"Montanari, Montanari e Montanari SPA",287801,EUR,19589091,EUR,NACE,Code,3011,Loan,No,,,
L129,C73,Rosenow,,,UP311,Valentini-Valentini e figli,394521,EUR,20653761,EUR,NACE,Code,3011,Loan,No,,,
L130,C74,Bernardi-Bernardi Group,,,UP155,Jenkins-Jenkins,306361,EUR,19774251,EUR,NACE,Code,3011,Loan,No,,,
L131,C75,"Watsica, Watsica and Watsica",,,UP12,Giuliani-Giuliani e figli,372249,EUR,20431569,EUR,NACE,Code,3011,Loan,No,,,
L132,C76,"Williamson, Williamson and Williamson",,,UP291,"Testa, Testa e Testa SPA",289657,EUR,19607607,EUR,NACE,Code,3011,Loan,No,,,
L133,C77,Sauer Sauer AG,,,UP55,"Larkin, Larkin and Larkin",248825,EUR,19200255,EUR,NACE,Code,3011,Loan,No,,,
L134,C78,De Angelis s.r.l.,,,UP167,Altenwerth-Altenwerth,326777,EUR,19977927,EUR,NACE,Code,3011,Loan,No,,,
L135,C79,Kaster Kaster GmbH & Co. KG,,,UP24,,400089,EUR,20709309,EUR,NACE,Code,3011,Loan,No,,,
L136,C80,Koster KG,,,UP137,Haase Haase KGaA,247897,EUR,19190997,EUR,NACE,Code,3011,Loan,No,,,
L137,C81,Pellegrino-Pellegrino SPA,,,UP75,Rossetti-Rossetti SPA,259033,EUR,19302093,EUR,NACE,Code,3011,Loan,No,,,
L138,C82,"Nienow, Nienow and Nienow",,,UP101,Denesik Inc,310073,EUR,19811283,EUR,NACE,Code,3011,Loan,No,,,
L139,C83,"Donati, Donati e Donati e figli",,,UP174,Bernardi-Bernardi e figli,375961,EUR,20468601,EUR,NACE,Code,3011,Loan,No,,,
L140,C84,"Gatti, Gatti e Gatti s.r.l.",,,UP273,Wehner-Wehner,299865,EUR,19709445,EUR,NACE,Code,3011,Loan,No,,,
L141,C85,Killer OHG mbH,,,UP228,Kreusell Kreusel GmbH,190361,EUR,18617001,EUR,NACE,Code,3011,Loan,No,,,
L142,C86,Butte,,,UP4,"Von, Von and Von",318425,EUR,19894605,EUR,NACE,Code,3011,Loan,No,,,
L143,C87,Guerra-Guerra e figli,,,UP239,"Rizzo, Rizzo e Rizzo e figli",385241,EUR,20561181,EUR,NACE,Code,3011,Loan,No,,,
L144,C88,Fiore-Fiore Group,,,UP308,Sala-Sala e figli,313785,EUR,19848315,EUR,NACE,Code,3011,Loan,No,,,
L145,C89,Grasso-Grasso s.r.l.,,,UP157,"Goyette, Goyette and Goyette",214489,EUR,18857709,EUR,NACE,Code,3011,Loan,No,,,
L146,C90,Giordano-Giordano s.r.l.,,,UP210,Wiza-Wiza,322137,EUR,19931637,EUR,NACE,Code,3011,Loan,No,,,
L147,C91,Berge Inc,,,UP165,Testa-Testa SPA,390809,EUR,20616729,EUR,NACE,Code,3011,Loan,No,,,
L148,C92,"Emard, Emard and Emard",,,UP162,"Martini, Martini e Martini SPA",317497,EUR,19885347,EUR,NACE,Code,3011,Loan,No,,,
L149,C93,Dohn GbR,,,UP108,Prohaska-Prohaska,218201,EUR,18894741,EUR,NACE,Code,3011,Loan,No,,,
L150,C94,Linke AG,,,UP179,Gatti-Gatti s.r.l.,323993,EUR,19950153,EUR,NACE,Code,3011,Loan,No,,,
L151,C168,Messina SPA,,,UP318,Legross and Sons,396377,EUR,20672277,EUR,NACE,Code,291,Loan,No,,,
L152,C169,Hand-Hand,,,UP242,Caruso-Caruso e figli,319353,EUR,19903863,EUR,NACE,Code,291,Loan,No,,,
L153,C170,Caruso-Caruso e figli,,,UP128,Fischer,258105,EUR,19292835,EUR,NACE,Code,291,Loan,No,,,
L154,C171,Hellwig Hellwig AG & Co. OHG,,,UP89,Buchholz Buchholz e.V.,332345,EUR,20033475,EUR,NACE,Code,291,Loan,No,,,
L155,C173,Ferrari-Ferrari SPA,,,UP114,Ehlert,203353,EUR,18746613,EUR,NACE,Code,291,Loan,No,,,
L156,C176,Beyer,,,UP145,Tintzmann Tintzmann GmbH,329561,EUR,20005701,EUR,NACE,Code,291,Loan,No,,,
L157,C178,Spencer and Sons,,,UP309,Marks and Sons,261817,EUR,19329867,EUR,NACE,Code,291,Loan,No,,,
L158,C180,"Beier, Beier and Beier",,,UP234,Lower,337913,EUR,20089023,EUR,NACE,Code,291,Loan,No,,,
L159,C182,Mante-Mante,,,UP202,Anders Anders GmbH,227481,EUR,18987321,EUR,NACE,Code,291,Loan,No,,,
L160,C184,Reichmann Stiftung & Co. KGaA,,,UP185,Steckel GmbH,334201,EUR,20051991,EUR,NACE,Code,291,Loan,No,,,
L161,C185,Giordano e figli,,,UP147,Ruppersberger,273881,EUR,19450221,EUR,NACE,Code,291,Loan,No,,,
L162,C188,Ferry and Sons,,,UP230,Hettner GmbH & Co. OHG,338841,EUR,20098281,EUR,NACE,Code,291,Loan,No,,,
L163,C192,Goyette-Goyette,,,UP305,Meyer Meyer GmbH & Co. OHG,245113,EUR,19163223,EUR,NACE,Code,291,Loan,No,,,
L164,C193,"Hilpert, Hilpert and Hilpert",,,UP94,Ullrich-Ullrich,335129,EUR,20061249,EUR,NACE,Code,291,Loan,No,,,
L165,C195,"Rinaldi, Rinaldi e Rinaldi SPA",,,UP79,Etzler AG & Co. KG,285945,EUR,19570575,EUR,NACE,Code,291,Loan,No,,,
L166,C196,Trost GmbH & Co. KGaA,,,UP206,Walter Walter KG,339769,EUR,20107539,EUR,NACE,Code,291,Loan,No,,,
L167,C197,"Hoeger, Hoeger and Hoeger",,,UP212,Gatti SPA,295225,EUR,19663155,EUR,NACE,Code,291,Loan,No,,,
L168,C199,Pfeffer Ltd,,,UP95,,336985,EUR,20079765,EUR,NACE,Code,291,Loan,No,,,
L169,C201,Seip,,,UP227,Conte SPA,324921,EUR,19959411,EUR,NACE,Code,291,Loan,No,,,
L170,C203,"Donati, Donati e Donati s.r.l.",,,UP23,Shields-Shields,341625,EUR,20126055,EUR,NACE,Code,291,Loan,No,,,
L171,C204,"Esposito, Esposito e Esposito Group",,,UP290,Lynch LLC,303577,EUR,19746477,EUR,NACE,Code,291,Loan,No,,,
L172,C206,Esposito e figli,,,UP171,,344409,EUR,20153829,EUR,NACE,Code,291,Loan,No,,,
L173,C207,"Bernardi, Bernardi e Bernardi SPA",,,UP233,Binss Inc,333273,EUR,20042733,EUR,NACE,Code,291,Loan,No,,,
L174,C211,Hyatt Inc,,,UP53,Anderson-Anderson,342553,EUR,20135313,EUR,NACE,Code,291,Loan,No,,,
L175,C212,"Bellini, Bellini e Bellini SPA",,,UP303,"Guerra, Guerra e Guerra SPA",312857,EUR,19839057,EUR,NACE,Code,291,Loan,No,,,
L176,C213,Lynch LLC,,,UP119,,349049,EUR,20200119,EUR,NACE,Code,291,Loan,No,,,
L177,C214,"Costa, Costa e Costa s.r.l.",,,UP191,Wiec KG,270169,EUR,19413189,EUR,NACE,Code,291,Loan,No,,,
L178,C215,Nette e.G.,,,UP144,Harloff GmbH & Co. OHG,340697,EUR,20116797,EUR,NACE,Code,291,Loan,No,,,
L179,C216,Pieper Pieper AG,,,UP258,Ferry and Sons,402873,EUR,20737083,EUR,NACE,Code,291,Loan,No,,,
L180,C217,Schlosser GmbH & Co. KG,,,UP25,Murray-Murray,255321,EUR,19265061,EUR,NACE,Code,291,Loan,No,,,
L181,C218,Stanton-Stanton,,,UP36,Orlando-Orlando SPA,343481,EUR,20144571,EUR,NACE,Code,291,Loan,No,,,
L182,C219,Salz Salz Stiftung & Co. KG,,,UP149,Nette GmbH,346265,EUR,20172345,EUR,NACE,Code,291,Loan,No,,,
L183,C221,"Guerra, Guerra e Guerra SPA",,,UP245,Spencer and Sons,316569,EUR,19876089,EUR,NACE,Code,291,Loan,No,,,
L184,C222,Pellegrino s.r.l.,,,UP176,Wilms,355545,EUR,20264925,EUR,NACE,Code,291,Loan,No,,,
L185,C223,Parisi-Parisi SPA,,,UP136,Trost Trost AG & Co. KGaA,351833,EUR,20227893,EUR,NACE,Code,291,Loan,No,,,
L186,C224,Meyer Meyer GmbH & Co. OHG,,,UP182,Basile e figli,354617,EUR,20255667,EUR,NACE,Code,291,Loan,No,,,
L187,C225,"Kuhlman, Kuhlman and Kuhlman",,,UP294,"Costa, Costa e Costa s.r.l.",328633,EUR,19996443,EUR,NACE,Code,291,Loan,No,,,
L188,C277,Hornich,,,UP317,"Costa, Costa e Costa s.r.l.",369465,EUR,20403795,EUR,NACE,Code,291,Loan,No,,,
L189,C279,Schenc Schenk GmbH & Co. OHG,,,UP102,"Gutkowski, Gutkowski and Gutkowski",363897,EUR,20348247,EUR,NACE,Code,291,Loan,No,,,
L190,C288,Bolzmannn AG,,,UP118,,356473,EUR,20274183,EUR,NACE,Code,291,Loan,No,,,
L191,C300,DuBuque-DuBuque,,,UP307,Hornich,360185,EUR,20311215,EUR,NACE,Code,291,Loan,No,,,
L192,C306,Marks and Sons,,,UP146,Fontana-Fontana s.r.l.,370393,EUR,20413053,EUR,NACE,Code,291,Loan,No,,,
L193,C310,Bahr,,,UP80,Wernecke,368537,EUR,20394537,EUR,NACE,Code,291,Loan,No,,,
L194,C311,Schmidtke AG & Co. OHG,,,UP274,"Esposito, Esposito e Esposito Group",362969,EUR,20338989,EUR,NACE,Code,291,Loan,No,,,
L195,C313,Schmidt AG,,,UP52,"Grassi, Grassi e Grassi s.r.l.",389881,EUR,20607471,EUR,NACE,Code,291,Loan,No,,,
L196,C314,Reichert LLC,,,UP250,Giordano e figli,375033,EUR,20459343,EUR,NACE,Code,291,Loan,No,,,
L197,C316,"Costa, Costa e Costa s.r.l.",,,UP276,Esposito e figli,402873,EUR,20737083,EUR,NACE,Code,291,Loan,No,,,
L198,C317,Vitale Group,,,UP58,Jahn,373177,EUR,20440827,EUR,NACE,Code,291,Loan,No,,,
L199,C318,Legross and Sons,,,UP304,Parisi-Parisi SPA,393593,EUR,20644503,EUR,NACE,Code,291,Loan,No,,,
L200,C319,Christiansen PLC,,,UP181,,377817,EUR,20487117,EUR,NACE,Code,291,Loan,No,,,
L201,C104,Bernardi-Bernardi Group,,,UP117,Battaglia-Battaglia Group,188505,EUR,18598485,EUR,NACE,Code,2351,Loan,No,,,
L202,C98,"Rice, Rice and Rice",,,UP260,Ferrari s.r.l.,374105,EUR,20450085,EUR,NACE,Code,2351,Loan,No,,,
L203,C119,Kramer GmbH & Co. OHG,,,UP255,Muhle Muhle Stiftung & Co. KGaA,406585,EUR,20774115,EUR,NACE,Code,2351,Loan,No,,,
L204,C183,Grimes-Grimes,,,UP299,,383385,EUR,20542665,EUR,NACE,Code,2351,Loan,No,,,
L205,C189,"Parisi, Parisi e Parisi SPA",,,UP289,Moore Group,201497,EUR,18728097,EUR,NACE,Code,2351,Loan,No,,,
L206,C18,"Hettinger, Hettinger and Hettinger",,,UP159,,381529,EUR,20524149,EUR,NACE,Code,2351,Loan,No,,,
L207,C9,Kuvalis Group,,,UP301,Valentini e figli,216345,EUR,18876225,EUR,NACE,Code,2351,Loan,No,,,
L208,C108,Gallo-Gallo s.r.l.,,,UP236,Hovel Hovel GmbH & Co. KGaA,395449,EUR,20663019,EUR,NACE,Code,2351,Loan,No,,,
L209,C172,Heidrich GmbH,,,UP184,,212633,EUR,18839193,EUR,NACE,Code,2351,Loan,No,,,
L210,C95,Kessler Ltd,,,UP60,"Grassi, Grassi e Grassi SPA",384313,EUR,20551923,EUR,NACE,Code,2351,Loan,No,,,
L211,C96,Bechtelar-Bechtelar,,,UP49,Hellwig Hellwig KG,268313,EUR,19394673,EUR,NACE,Code,2351,Loan,No,,,
L212,C312,"Ricci, Ricci e Ricci e figli",,,UP127,,398233,EUR,20690793,EUR,NACE,Code,2351,Loan,No,,,
L213,C102,Mielcarek Mielcarek GmbH & Co. OHG,,,UP133,"Gentile, Gentile e Gentile e figli",237689,EUR,19089159,EUR,NACE,Code,2351,Loan,No,,,
L214,C190,Durgan-Durgan,,,UP270,Sala SPA,386169,EUR,20570439,EUR,NACE,Code,2351,Loan,No,,,
L215,C14,Carsten GmbH & Co. KG,,,UP47,Metz,193145,EUR,18644775,EUR,NACE,Code,2351,Loan,No,,,
L216,C157,Vitali-Vitali Group,,,UP183,Boyle Inc,403801,EUR,20746341,EUR,NACE,Code,2351,Loan,No,,,
L217,C16,Runolfsson PLC,,,UP129,Gorlitz,243257,EUR,19144707,EUR,NACE,Code,2351,Loan,No,,,
L218,C162,Binner GmbH & Co. KGaA,,,UP122,,387097,EUR,20579697,EUR,NACE,Code,2351,Loan,No,,,
L219,C36,Negri s.r.l.,,,UP275,Geissler Geissler AG & Co. KGaA,397305,EUR,20681535,EUR,NACE,Code,2351,Loan,No,,,
L220,C165,Cattaneo e figli,,,UP18,,298937,EUR,19700187,EUR,NACE,Code,2351,Loan,No,,,
L221,C315,Fritsch Ltd,,,UP28,,345337,EUR,20163087,EUR,NACE,Code,2351,Loan,No,,,
L222,C10,"Bergstrom, Bergstrom and Bergstrom",,,UP226,Karz,403801,EUR,20746341,EUR,NACE,Code,2351,Loan,No,,,
L223,C307,"Bartoletti, Bartoletti and Bartoletti",,,UP2,"Vitali, Vitali e Vitali s.r.l.",265529,EUR,19366899,EUR,NACE,Code,2351,Loan,No,,,
L224,C174,Silvestri-Silvestri s.r.l.,,,UP68,Gusikowski-Gusikowski,246969,EUR,19181739,EUR,NACE,Code,2351,Loan,No,,,
L225,C120,Villa Group,,,UP298,Amato-Amato s.r.l.,388025,EUR,20588955,EUR,NACE,Code,2351,Loan,No,,,
L226,C103,Costa-Costa SPA,,,UP248,,202425,EUR,18737355,EUR,NACE,Code,2351,Loan,No,,,
L227,C100,"Ferrari, Ferrari e Ferrari Group",,,UP120,,398233,EUR,20690793,EUR,NACE,Code,2351,Loan,No,,,
L228,C175,Palumbo e figli,,,UP243,,256249,EUR,19274319,EUR,NACE,Code,2351,Loan,No,,,
L229,C181,Killer Killer KGaA,,,UP56,,388953,EUR,20598213,EUR,NACE,Code,2351,Loan,No,,,
L230,C155,"Costa, Costa e Costa s.r.l.",,,UP211,,206137,EUR,18774387,EUR,NACE,Code,2351,Loan,No,,,
L231,C220,Lehner-Lehner,,,UP237,,401017,EUR,20718567,EUR,NACE,Code,2351,Loan,No,,,
L232,C116,Rudolph,,,UP48,,259961,EUR,19311351,EUR,NACE,Code,2351,Loan,No,,,
L233,C205,Macejkovic Inc,,,UP231,Fabbri SPA,392665,EUR,20635245,EUR,NACE,Code,2351,Loan,No,,,
L234,C149,Villa s.r.l.,,,UP130,,207993,EUR,18792903,EUR,NACE,Code,2351,Loan,No,,,
L235,C308,Drewes Drewes AG,,,UP70,,404729,EUR,20755599,EUR,NACE,Code,2351,Loan,No,,,
L236,C152,Gerlach-Gerlach,,,UP126,,272025,EUR,19431705,EUR,NACE,Code,2351,Loan,No,,,
L237,C115,Vollbrecht Vollbrecht GmbH,,,UP316,,397305,EUR,20681535,EUR,NACE,Code,2351,Loan,No,,,
L238,C226,Carbone Group,,,UP39,"Milani, Milani e Milani SPA",210777,EUR,18820677,EUR,NACE,Code,2351,Loan,No,,,
L239,C164,Simonis and Sons,IP1,Ehlert OHG mbH,UP26,Crist-Crist,412153,EUR,20829663,EUR,NACE,Code,2351,Loan,No,,,
L240,C25,Eberhardt Eberhardt GmbH,,,UP148,,281305,EUR,19524285,EUR,NACE,Code,2351,Loan,No,,,
L241,C99,Johnson Inc,,,UP217,,400089,EUR,20709309,EUR,NACE,Code,2351,Loan,No,,,
L242,C19,Rogner Rogner GmbH,,,UP229,Stroh KG,211705,EUR,18829935,EUR,NACE,Code,241,Loan,No,,,
L243,C106,Orlando-Orlando SPA,,,UP19,,323065,EUR,19940895,EUR,NACE,Code,241,Loan,No,,,
L244,C191,Sawayn-Sawayn,,,UP283,,284089,EUR,19552059,EUR,NACE,Code,241,Loan,No,,,
L245,C43,De Santis-De Santis s.r.l.,,,UP62,,401945,EUR,20727825,EUR,NACE,Code,241,Loan,No,,,
L246,C42,Fisher-Fisher,,,UP164,"Bailey, Bailey and Bailey",213561,EUR,18848451,EUR,NACE,Code,241,Loan,No,,,
L247,C41,Langosh Ltd,,,UP92,,331417,EUR,20024217,EUR,NACE,Code,241,Loan,No,,,
L248,C8,Beatty-Beatty,,,UP180,Bianco Group,293369,EUR,19644639,EUR,NACE,Code,241,Loan,No,,,
L249,C121,"Rossetti, Rossetti e Rossetti e figli",,,UP61,Kunde PLC,405657,EUR,20764857,EUR,NACE,Code,241,Loan,No,,,
L250,C113,Giordano-Giordano SPA,,,UP286,Butte e.V.,222841,EUR,18941031,EUR,NACE,Code,241,Loan,No,,,
L251,C187,Brakus-Brakus,,,UP282,Jacob e.V.,336057,EUR,20070507,EUR,NACE,Code,241,Loan,No,,,
L252,C200,Seip,,,UP264,Fiebig Fiebig GmbH & Co. KG,297081,EUR,19681671,EUR,NACE,Code,241,Loan,No,,,
L253,C202,Rohleder AG,,,UP154,Eimer,407513,EUR,20783373,EUR,NACE,Code,241,Loan,No,,,
L254,C210,Lower Lower e.V.,,,UP186,Harloff Harloff GmbH & Co. KG,229337,EUR,19005837,EUR,NACE,Code,241,Loan,No,,,
L255,C110,Trommler Trommler GmbH,IP2,Johnston LLC,UP113,Jacobi-Jacobi,412153,EUR,20829663,EUR,NACE,Code,241,Loan,No,,,
L256,C150,"Haley, Haley and Haley",,,UP225,"Rossi, Rossi e Rossi SPA",394521,EUR,20653761,EUR,NACE,Code,241,Loan,No,,,
L257,C17,"Battaglia, Battaglia e Battaglia e figli",,,UP46,"Longo, Longo e Longo SPA",362041,EUR,20329731,EUR,NACE,Code,241,Loan,No,,,
L258,C13,Graham PLC,IP9,O'Hara Inc,UP265,,408441,EUR,20792631,EUR,NACE,Code,241,Loan,No,,,
L259,C159,Neuschafer Neuschafer GmbH & Co. KGaA,,,UP87,Gulgowski and Sons,396377,EUR,20672277,EUR,NACE,Code,241,Loan,No,,,
L260,C1,"Zulauf, Zulauf and Zulauf",,,UP285,Renner,366681,EUR,20376021,EUR,NACE,Code,241,Loan,No,,,
L261,C22,Nolan-Nolan,IP7,De rosa-De rosa e figli,UP223,,409369,EUR,20801889,EUR,NACE,Code,241,Loan,No,,,
L262,C44,"Hauck, Hauck and Hauck",,,UP110,Seifert Seifert AG & Co. KG,279449,EUR,19505769,EUR,NACE,Code,241,Loan,No,,,
L263,C26,Carsten e.G.,,,UP139,Basile s.r.l.,401945,EUR,20727825,EUR,NACE,Code,241,Loan,No,,,
L264,C30,Bailey PLC,,,UP215,D'amico-D'amico SPA,183865,EUR,18552195,EUR,NACE,Code,241,Loan,No,,,
L265,C20,Corwin-Corwin,IP6,Costa SPA,UP20,Pacocha PLC,410297,EUR,20811147,EUR,NACE,Code,241,Loan,No,,,
L266,C40,Colombo-Colombo s.r.l.,,,UP106,Torp-Torp,288729,EUR,19598349,EUR,NACE,Code,241,Loan,No,,,
L267,C112,Beier Inc,,,UP71,,300000,EUR,300000,EUR,NACE,Code,241,Loan,No,,,
L268,C97,Rippinn Inc,,,UP27,Macejkovic and Sons,300001,EUR,300001,EUR,NACE,Code,241,Loan,No,,,
L269,C101,Kshlerin-Kshlerin,,,UP150,Heydrich Heydrich KGaA,300002,EUR,300002,EUR,NACE,Code,241,Loan,No,,,
L270,C29,"Vitale, Vitale e Vitale e figli",,,UP82,Streich-Streich,300003,EUR,300003,EUR,NACE,Code,241,Loan,No,,,
L271,C39,Caruso Group,,,UP57,"Vitali, Vitali e Vitali Group",300004,EUR,300004,EUR,NACE,Code,241,Loan,No,,,
L272,C117,Bogisich and Sons,,,UP192,"Corkery, Corkery and Corkery",300005,EUR,300005,EUR,NACE,Code,241,Loan,No,,,
L273,C156,Ferrari Group,,,UP295,Sussebier,300006,EUR,300006,EUR,NACE,Code,241,Loan,No,,,
L274,C186,Roberts LLC,,,UP170,Dehmel Dehmel AG,300007,EUR,300007,EUR,NACE,Code,241,Loan,No,,,
L275,C177,Grassi s.r.l.,,,UP218,"Oberbrunner, Oberbrunner and Oberbrunner",300008,EUR,300008,EUR,NACE,Code,241,Loan,No,,,
L276,C118,Seifert,,,UP51,Fontana e figli,300009,EUR,300009,EUR,NACE,Code,610,Loan,No,,,
L277,C114,Langern,,,UP105,,300010,EUR,300010,EUR,NACE,Code,610,Loan,No,,,
L278,C107,Kaster AG,,,UP207,Armstrong-Armstrong,300011,EUR,300011,EUR,NACE,Code,610,Loan,No,,,
L279,C147,Ferraro SPA,,,UP267,Klingelhofer,300012,EUR,300012,EUR,NACE,Code,610,Loan,No,,,
L280,C151,"Bruen, Bruen and Bruen",,,UP140,D'angelo-D'angelo Group,300013,EUR,300013,EUR,NACE,Code,610,Loan,No,,,
L281,C194,"Kautzer, Kautzer and Kautzer",,,UP161,Emard-Emard,300014,EUR,300014,EUR,NACE,Code,610,Loan,No,,,
L282,C34,Santoro-Santoro s.r.l.,,,UP50,"Bode, Bode and Bode",300015,EUR,300015,EUR,NACE,Code,610,Loan,No,,,
L283,C15,Romer Romer e.G.,,,UP198,,300016,EUR,300016,EUR,NACE,Code,610,Loan,No,,,
L284,C166,"Sanna, Sanna e Sanna e figli",,,UP262,Esposito s.r.l.,300017,EUR,300017,EUR,NACE,Code,610,Loan,No,,,
L285,C167,Turcotte-Turcotte,,,UP96,Klemm Klemm GmbH,300018,EUR,300018,EUR,NACE,Code,610,Loan,No,,,
L286,C179,Hecker Hecker GmbH & Co. KG,,,UP254,Hammes-Hammes,300019,EUR,300019,EUR,NACE,Code,610,Loan,No,,,
L287,C2,"De luca, De luca e De luca SPA",,,UP41,"Heaney, Heaney and Heaney",300020,EUR,300020,EUR,NACE,Code,610,Loan,No,,,
L288,C154,"Pagano, Pagano e Pagano s.r.l.",,,UP213,Giordano-Giordano e figli,300021,EUR,300021,EUR,NACE,Code,610,Loan,No,,,
L289,C109,Bailey LLC,,,UP115,Rossi-Rossi Group,300022,EUR,300022,EUR,NACE,Code,610,Loan,No,,,
L290,C32,"Marchetti, Marchetti e Marchetti s.r.l.",,,UP251,McLaughlin-McLaughlin,300023,EUR,300023,EUR,NACE,Code,610,Loan,No,,,
L291,C148,"Nolan, Nolan and Nolan",,,UP178,De Santis Group,300024,EUR,300024,EUR,NACE,Code,610,Loan,No,,,
L292,C21,Salz,,,UP142,Donnelly Group,300025,EUR,300025,EUR,NACE,Code,610,Loan,No,,,
L293,C37,Effertz Group,,,UP193,Hubel AG,300026,EUR,300026,EUR,NACE,Code,610,Loan,No,,,
L294,C111,Pechel,,,UP302,Muhle,300027,EUR,300027,EUR,NACE,Code,610,Loan,No,,,
L295,C24,Bohlander,,,UP99,De Angelis-De Angelis e figli,300028,EUR,300028,EUR,NACE,Code,610,Loan,No,,,
L296,C33,Bergstrom LLC,,,UP103,Kuhic-Kuhic,300029,EUR,300029,EUR,NACE,Code,610,Loan,No,,,
L297,C125,Krause GmbH & Co. OHG,,,UP123,Mende,300030,EUR,300030,EUR,NACE,Code,610,Loan,No,,,
L298,C105,"McClure, McClure and McClure",,,UP107,Bolzmann KG,300031,EUR,300031,EUR,NACE,Code,610,Loan,No,,,
L299,C12,Lubowitz-Lubowitz,,,UP200,,300032,EUR,300032,EUR,NACE,Code,610,Loan,No,,,
L300,C28,Montanari-Montanari Group,,,UP232,Sporer PLC,300033,EUR,300033,EUR,NACE,Code,610,Loan,No,,,
L301,C23,Friesen PLC,,,UP194,Neri e figli,300034,EUR,300034,EUR,NACE,Code,610,Loan,No,,,
L302,C153,"Cassin, Cassin and Cassin",,,UP59,Santoro-Santoro SPA,300035,EUR,300035,EUR,NACE,Code,610,Loan,No,,,
L303,C27,"Hodkiewicz, Hodkiewicz and Hodkiewicz",,,UP220,Terry-Terry,300036,EUR,300036,EUR,NACE,Code,610,Loan,No,,,
L304,C158,Jacob,,,UP112,Kris-Kris,300037,EUR,300037,EUR,NACE,Code,610,Loan,No,,,
L305,C160,Damico SPA,,,UP77,Upton Ltd,300038,EUR,300038,EUR,NACE,Code,610,Loan,No,,,
L306,C198,Esposito-Esposito e figli,,,UP235,Ortmann Ortmann GmbH,300039,EUR,300039,EUR,NACE,Code,610,Loan,No,,,
L307,C35,Bartonn and Sons,,,UP292,"Fabbri, Fabbri e Fabbri Group",300040,EUR,300040,EUR,NACE,Code,610,Loan,No,,,
L308,C163,Ruecker-Ruecker,,,UP268,,300041,EUR,300041,EUR,NACE,Code,610,Loan,No,,,
L309,C11,Lockman-Lockman,,,UP29,Junitz Junitz e.V.,300042,EUR,300042,EUR,NACE,Code,610,Loan,No,,,
L310,C31,Hesss Hess AG,,,UP208,Kabus GbR,300043,EUR,300043,EUR,NACE,Code,610,Loan,No,,,
L311,C209,Frami-Frami,,,UP238,,300044,EUR,300044,EUR,NACE,Code,610,Loan,No,,,
L312,C161,Caruso Group,,,UP253,Budig GmbH & Co. KG,300045,EUR,300045,EUR,NACE,Code,610,Loan,No,,,
L313,C38,Orlando-Orlando e figli,,,UP266,Wunsch LLC,300046,EUR,300046,EUR,NACE,Code,610,Loan,No,,,
L314,C208,Rosemann AG,,,UP279,"Bernardi, Bernardi e Bernardi SPA",300047,EUR,300047,EUR,NACE,Code,2910,Loan,No,,,
L315,C208,Rosemann AG,,,UP279,"Bernardi, Bernardi e Bernardi SPA",300048,EUR,300048,EUR,NACE,Code,2910,Loan,No,,,
L316,C3,"Maggio, Maggio and Maggio",,,UP7,"Maggio, Maggio and Maggio",300049,EUR,300049,EUR,NACE,Code,5110,Loan,No,,,
L317,C4,Dobes,,,UP8,Dobes,300050,EUR,300050,EUR,NACE,Code,5110,Loan,No,,,
L318,C5,Grasso e figli,,,UP9,Grasso e figli,300051,EUR,300051,EUR,NACE,Code,5110,Loan,No,,,
L319,C6,Rossi-Rossi Group,,,UP10,Rossi-Rossi Group,300052,EUR,300052,EUR,NACE,Code,5110,Loan,No,,,
L320,C7,Staude GmbH,,,UP11,Staude GmbH,300053,EUR,300053,EUR,NACE,Code,3030,Loan,No,,,
L321,C320,Dietrich LLC,,,UP320,Dietrich LLC,350053,EUR,350053,EUR,NACE,Code,2910,Loan,No,,,
L322,C321,Orlando-Orlando e figli,,,UP321,Orlando-Orlando e figli,350054,EUR,350056,EUR,NACE,Code,5200,Loan,No,,,
L323,C322,Soding Soding Stiftung & Co. KG,,,UP322,Soding Soding Stiftung & Co. KG,350055,EUR,350057,EUR,NACE,Code,2410,Loan,No,,,
